[{"model": "admin.logentry", "pk": 1, "fields": {"action_time": "2025-02-13T11:23:55.378Z", "user": 1, "content_type": 4, "object_id": "2", "object_repr": "Amitha", "action_flag": 1, "change_message": "[{\"added\": {}}, {\"added\": {\"name\": \"user profile\", \"object\": \"Amitha\"}}]"}}, {"model": "admin.logentry", "pk": 2, "fields": {"action_time": "2025-02-13T11:24:15.152Z", "user": 1, "content_type": 4, "object_id": "2", "object_repr": "Amitha", "action_flag": 2, "change_message": "[{\"changed\": {\"fields\": [\"First name\", \"Last name\", \"Email address\"]}}]"}}, {"model": "admin.logentry", "pk": 3, "fields": {"action_time": "2025-02-14T08:51:42.295Z", "user": 1, "content_type": 3, "object_id": "1", "object_repr": "trilokavellimon", "action_flag": 1, "change_message": "[{\"added\": {}}]"}}, {"model": "admin.logentry", "pk": 4, "fields": {"action_time": "2025-02-14T09:13:38.980Z", "user": 1, "content_type": 11, "object_id": "1", "object_repr": "Dummyimg1 (2025-02-14)", "action_flag": 1, "change_message": "[{\"added\": {}}]"}}, {"model": "admin.logentry", "pk": 5, "fields": {"action_time": "2025-02-14T09:13:56.608Z", "user": 1, "content_type": 11, "object_id": "2", "object_repr": "Dummyimg2 (2025-02-04)", "action_flag": 1, "change_message": "[{\"added\": {}}]"}}, {"model": "admin.logentry", "pk": 6, "fields": {"action_time": "2025-02-14T09:17:40.523Z", "user": 1, "content_type": 11, "object_id": "3", "object_repr": "Dummyimg3 (2024-06-11)", "action_flag": 1, "change_message": "[{\"added\": {}}]"}}, {"model": "admin.logentry", "pk": 7, "fields": {"action_time": "2025-02-14T09:24:30.654Z", "user": 1, "content_type": 4, "object_id": "2", "object_repr": "Amitha", "action_flag": 2, "change_message": "[{\"changed\": {\"fields\": [\"password\"]}}]"}}, {"model": "admin.logentry", "pk": 8, "fields": {"action_time": "2025-03-24T12:55:25.207Z", "user": 1, "content_type": 10, "object_id": "1", "object_repr": "Drawing Competition", "action_flag": 1, "change_message": "[{\"added\": {}}]"}}, {"model": "admin.logentry", "pk": 9, "fields": {"action_time": "2025-03-24T12:58:21.356Z", "user": 1, "content_type": 10, "object_id": "2", "object_repr": "Drawing2", "action_flag": 1, "change_message": "[{\"added\": {}}]"}}, {"model": "admin.logentry", "pk": 10, "fields": {"action_time": "2025-03-24T13:03:42.665Z", "user": 1, "content_type": 10, "object_id": "1", "object_repr": "Drawing Competition", "action_flag": 2, "change_message": "[{\"changed\": {\"fields\": [\"Date\"]}}]"}}, {"model": "admin.logentry", "pk": 11, "fields": {"action_time": "2025-03-24T15:23:02.531Z", "user": 1, "content_type": 4, "object_id": "3", "object_repr": "Abhay123", "action_flag": 1, "change_message": "[{\"added\": {}}]"}}, {"model": "admin.logentry", "pk": 12, "fields": {"action_time": "2025-03-24T15:25:22.724Z", "user": 1, "content_type": 4, "object_id": "3", "object_repr": "Abhay123", "action_flag": 2, "change_message": "[{\"changed\": {\"fields\": [\"First name\", \"Last name\", \"Email address\", \"Staff status\", \"Superuser status\", \"Last login\", \"Date joined\"]}}]"}}, {"model": "admin.logentry", "pk": 13, "fields": {"action_time": "2025-03-24T15:26:35.531Z", "user": 1, "content_type": 4, "object_id": "3", "object_repr": "Abhay123", "action_flag": 2, "change_message": "[]"}}, {"model": "admin.logentry", "pk": 14, "fields": {"action_time": "2025-03-24T17:48:26.572Z", "user": 3, "content_type": 10, "object_id": "3", "object_repr": "Abc - 2025-03-24", "action_flag": 1, "change_message": "[{\"added\": {}}]"}}, {"model": "admin.logentry", "pk": 15, "fields": {"action_time": "2025-03-24T17:50:00.194Z", "user": 3, "content_type": 10, "object_id": "3", "object_repr": "Abc - 2025-03-24", "action_flag": 3, "change_message": ""}}, {"model": "admin.logentry", "pk": 16, "fields": {"action_time": "2025-03-24T17:50:25.018Z", "user": 3, "content_type": 10, "object_id": "4", "object_repr": "Abc - 2025-03-24", "action_flag": 1, "change_message": "[{\"added\": {}}]"}}, {"model": "admin.logentry", "pk": 17, "fields": {"action_time": "2025-03-24T17:53:58.693Z", "user": 1, "content_type": 10, "object_id": "4", "object_repr": "Abc - 2025-03-24", "action_flag": 3, "change_message": ""}}, {"model": "admin.logentry", "pk": 18, "fields": {"action_time": "2025-03-24T17:54:25.504Z", "user": 1, "content_type": 10, "object_id": "5", "object_repr": "Abc - 2025-03-28", "action_flag": 1, "change_message": "[{\"added\": {}}]"}}, {"model": "admin.logentry", "pk": 19, "fields": {"action_time": "2025-03-24T18:05:48.497Z", "user": 1, "content_type": 11, "object_id": "4", "object_repr": "Abcde - 2025-03-24", "action_flag": 1, "change_message": "[{\"added\": {}}]"}}, {"model": "admin.logentry", "pk": 20, "fields": {"action_time": "2025-03-24T18:06:57.075Z", "user": 1, "content_type": 11, "object_id": "3", "object_repr": "Dummyimg3 - 2024-06-11", "action_flag": 3, "change_message": ""}}, {"model": "admin.logentry", "pk": 21, "fields": {"action_time": "2025-03-24T18:06:57.075Z", "user": 1, "content_type": 11, "object_id": "2", "object_repr": "Dummyimg2 - 2025-02-04", "action_flag": 3, "change_message": ""}}, {"model": "admin.logentry", "pk": 22, "fields": {"action_time": "2025-03-24T18:06:57.075Z", "user": 1, "content_type": 11, "object_id": "1", "object_repr": "Dummyimg1 - 2025-02-14", "action_flag": 3, "change_message": ""}}, {"model": "admin.logentry", "pk": 23, "fields": {"action_time": "2025-03-25T07:03:22.512Z", "user": 1, "content_type": 11, "object_id": "5", "object_repr": "Abc - 2025-03-25", "action_flag": 1, "change_message": "[{\"added\": {}}]"}}, {"model": "admin.logentry", "pk": 24, "fields": {"action_time": "2025-03-25T07:03:52.391Z", "user": 1, "content_type": 11, "object_id": "4", "object_repr": "Abcde - 2025-03-24", "action_flag": 3, "change_message": ""}}, {"model": "admin.logentry", "pk": 25, "fields": {"action_time": "2025-03-25T07:09:37.827Z", "user": 1, "content_type": 11, "object_id": "6", "object_repr": "Medical - 2025-03-25", "action_flag": 1, "change_message": "[{\"added\": {}}]"}}, {"model": "admin.logentry", "pk": 26, "fields": {"action_time": "2025-03-25T07:10:04.399Z", "user": 1, "content_type": 11, "object_id": "7", "object_repr": "Medical2 - 2025-03-25", "action_flag": 1, "change_message": "[{\"added\": {}}]"}}, {"model": "admin.logentry", "pk": 27, "fields": {"action_time": "2025-03-25T07:10:22.780Z", "user": 1, "content_type": 11, "object_id": "8", "object_repr": "Pothichooru - 2025-03-25", "action_flag": 1, "change_message": "[{\"added\": {}}]"}}, {"model": "admin.logentry", "pk": 28, "fields": {"action_time": "2025-03-25T07:10:43.569Z", "user": 1, "content_type": 11, "object_id": "9", "object_repr": "Games - 2025-03-25", "action_flag": 1, "change_message": "[{\"added\": {}}]"}}, {"model": "admin.logentry", "pk": 29, "fields": {"action_time": "2025-03-25T07:10:56.413Z", "user": 1, "content_type": 11, "object_id": "10", "object_repr": "drawing - 2025-03-25", "action_flag": 1, "change_message": "[{\"added\": {}}]"}}, {"model": "admin.logentry", "pk": 30, "fields": {"action_time": "2025-03-25T07:11:07.036Z", "user": 1, "content_type": 11, "object_id": "11", "object_repr": "game - 2025-03-25", "action_flag": 1, "change_message": "[{\"added\": {}}]"}}, {"model": "admin.logentry", "pk": 31, "fields": {"action_time": "2025-03-25T07:35:16.617Z", "user": 1, "content_type": 11, "object_id": "12", "object_repr": "New - 2023-07-13", "action_flag": 1, "change_message": "[{\"added\": {}}]"}}, {"model": "admin.logentry", "pk": 32, "fields": {"action_time": "2025-03-25T09:46:30.825Z", "user": 1, "content_type": 4, "object_id": "1", "object_repr": "trilokavellimon", "action_flag": 2, "change_message": "[{\"changed\": {\"fields\": [\"User permissions\"]}}]"}}, {"model": "admin.logentry", "pk": 33, "fields": {"action_time": "2025-03-25T10:31:45.389Z", "user": 1, "content_type": 4, "object_id": "4", "object_repr": "Gopika123", "action_flag": 2, "change_message": "[{\"changed\": {\"fields\": [\"password\"]}}]"}}, {"model": "admin.logentry", "pk": 34, "fields": {"action_time": "2025-03-25T18:15:51.082Z", "user": 1, "content_type": 4, "object_id": "5", "object_repr": "Amal123", "action_flag": 2, "change_message": "[{\"changed\": {\"fields\": [\"password\"]}}]"}}, {"model": "auth.permission", "pk": 1, "fields": {"name": "Can add log entry", "content_type": 1, "codename": "add_logentry"}}, {"model": "auth.permission", "pk": 2, "fields": {"name": "Can change log entry", "content_type": 1, "codename": "change_logentry"}}, {"model": "auth.permission", "pk": 3, "fields": {"name": "Can delete log entry", "content_type": 1, "codename": "delete_logentry"}}, {"model": "auth.permission", "pk": 4, "fields": {"name": "Can view log entry", "content_type": 1, "codename": "view_logentry"}}, {"model": "auth.permission", "pk": 5, "fields": {"name": "Can add permission", "content_type": 2, "codename": "add_permission"}}, {"model": "auth.permission", "pk": 6, "fields": {"name": "Can change permission", "content_type": 2, "codename": "change_permission"}}, {"model": "auth.permission", "pk": 7, "fields": {"name": "Can delete permission", "content_type": 2, "codename": "delete_permission"}}, {"model": "auth.permission", "pk": 8, "fields": {"name": "Can view permission", "content_type": 2, "codename": "view_permission"}}, {"model": "auth.permission", "pk": 9, "fields": {"name": "Can add group", "content_type": 3, "codename": "add_group"}}, {"model": "auth.permission", "pk": 10, "fields": {"name": "Can change group", "content_type": 3, "codename": "change_group"}}, {"model": "auth.permission", "pk": 11, "fields": {"name": "Can delete group", "content_type": 3, "codename": "delete_group"}}, {"model": "auth.permission", "pk": 12, "fields": {"name": "Can view group", "content_type": 3, "codename": "view_group"}}, {"model": "auth.permission", "pk": 13, "fields": {"name": "Can add user", "content_type": 4, "codename": "add_user"}}, {"model": "auth.permission", "pk": 14, "fields": {"name": "Can change user", "content_type": 4, "codename": "change_user"}}, {"model": "auth.permission", "pk": 15, "fields": {"name": "Can delete user", "content_type": 4, "codename": "delete_user"}}, {"model": "auth.permission", "pk": 16, "fields": {"name": "Can view user", "content_type": 4, "codename": "view_user"}}, {"model": "auth.permission", "pk": 17, "fields": {"name": "Can add content type", "content_type": 5, "codename": "add_contenttype"}}, {"model": "auth.permission", "pk": 18, "fields": {"name": "Can change content type", "content_type": 5, "codename": "change_contenttype"}}, {"model": "auth.permission", "pk": 19, "fields": {"name": "Can delete content type", "content_type": 5, "codename": "delete_contenttype"}}, {"model": "auth.permission", "pk": 20, "fields": {"name": "Can view content type", "content_type": 5, "codename": "view_contenttype"}}, {"model": "auth.permission", "pk": 21, "fields": {"name": "Can add session", "content_type": 6, "codename": "add_session"}}, {"model": "auth.permission", "pk": 22, "fields": {"name": "Can change session", "content_type": 6, "codename": "change_session"}}, {"model": "auth.permission", "pk": 23, "fields": {"name": "Can delete session", "content_type": 6, "codename": "delete_session"}}, {"model": "auth.permission", "pk": 24, "fields": {"name": "Can view session", "content_type": 6, "codename": "view_session"}}, {"model": "auth.permission", "pk": 25, "fields": {"name": "Can add gallery", "content_type": 7, "codename": "add_gallery"}}, {"model": "auth.permission", "pk": 26, "fields": {"name": "Can change gallery", "content_type": 7, "codename": "change_gallery"}}, {"model": "auth.permission", "pk": 27, "fields": {"name": "Can delete gallery", "content_type": 7, "codename": "delete_gallery"}}, {"model": "auth.permission", "pk": 28, "fields": {"name": "Can view gallery", "content_type": 7, "codename": "view_gallery"}}, {"model": "auth.permission", "pk": 29, "fields": {"name": "Can add event", "content_type": 8, "codename": "add_event"}}, {"model": "auth.permission", "pk": 30, "fields": {"name": "Can change event", "content_type": 8, "codename": "change_event"}}, {"model": "auth.permission", "pk": 31, "fields": {"name": "Can delete event", "content_type": 8, "codename": "delete_event"}}, {"model": "auth.permission", "pk": 32, "fields": {"name": "Can view event", "content_type": 8, "codename": "view_event"}}, {"model": "auth.permission", "pk": 33, "fields": {"name": "Can add user profile", "content_type": 9, "codename": "add_userprofile"}}, {"model": "auth.permission", "pk": 34, "fields": {"name": "Can change user profile", "content_type": 9, "codename": "change_userprofile"}}, {"model": "auth.permission", "pk": 35, "fields": {"name": "Can delete user profile", "content_type": 9, "codename": "delete_userprofile"}}, {"model": "auth.permission", "pk": 36, "fields": {"name": "Can view user profile", "content_type": 9, "codename": "view_userprofile"}}, {"model": "auth.permission", "pk": 37, "fields": {"name": "Can add event", "content_type": 10, "codename": "add_event"}}, {"model": "auth.permission", "pk": 38, "fields": {"name": "Can change event", "content_type": 10, "codename": "change_event"}}, {"model": "auth.permission", "pk": 39, "fields": {"name": "Can delete event", "content_type": 10, "codename": "delete_event"}}, {"model": "auth.permission", "pk": 40, "fields": {"name": "Can view event", "content_type": 10, "codename": "view_event"}}, {"model": "auth.permission", "pk": 41, "fields": {"name": "Can add gallery", "content_type": 11, "codename": "add_gallery"}}, {"model": "auth.permission", "pk": 42, "fields": {"name": "Can change gallery", "content_type": 11, "codename": "change_gallery"}}, {"model": "auth.permission", "pk": 43, "fields": {"name": "Can delete gallery", "content_type": 11, "codename": "delete_gallery"}}, {"model": "auth.permission", "pk": 44, "fields": {"name": "Can view gallery", "content_type": 11, "codename": "view_gallery"}}, {"model": "auth.permission", "pk": 45, "fields": {"name": "Can add Theme", "content_type": 12, "codename": "add_theme"}}, {"model": "auth.permission", "pk": 46, "fields": {"name": "Can change Theme", "content_type": 12, "codename": "change_theme"}}, {"model": "auth.permission", "pk": 47, "fields": {"name": "Can delete Theme", "content_type": 12, "codename": "delete_theme"}}, {"model": "auth.permission", "pk": 48, "fields": {"name": "Can view Theme", "content_type": 12, "codename": "view_theme"}}, {"model": "auth.permission", "pk": 49, "fields": {"name": "Can add user profile", "content_type": 13, "codename": "add_userprofile"}}, {"model": "auth.permission", "pk": 50, "fields": {"name": "Can change user profile", "content_type": 13, "codename": "change_userprofile"}}, {"model": "auth.permission", "pk": 51, "fields": {"name": "Can delete user profile", "content_type": 13, "codename": "delete_userprofile"}}, {"model": "auth.permission", "pk": 52, "fields": {"name": "Can view user profile", "content_type": 13, "codename": "view_userprofile"}}, {"model": "auth.permission", "pk": 53, "fields": {"name": "Can add user fee", "content_type": 14, "codename": "add_userfee"}}, {"model": "auth.permission", "pk": 54, "fields": {"name": "Can change user fee", "content_type": 14, "codename": "change_userfee"}}, {"model": "auth.permission", "pk": 55, "fields": {"name": "Can delete user fee", "content_type": 14, "codename": "delete_userfee"}}, {"model": "auth.permission", "pk": 56, "fields": {"name": "Can view user fee", "content_type": 14, "codename": "view_userfee"}}, {"model": "auth.permission", "pk": 57, "fields": {"name": "Can add user point", "content_type": 15, "codename": "add_userpoint"}}, {"model": "auth.permission", "pk": 58, "fields": {"name": "Can change user point", "content_type": 15, "codename": "change_userpoint"}}, {"model": "auth.permission", "pk": 59, "fields": {"name": "Can delete user point", "content_type": 15, "codename": "delete_userpoint"}}, {"model": "auth.permission", "pk": 60, "fields": {"name": "Can view user point", "content_type": 15, "codename": "view_userpoint"}}, {"model": "auth.group", "pk": 1, "fields": {"name": "trilokavellimon", "permissions": [1, 2, 3, 4, 45, 46, 47, 48, 34, 36]}}, {"model": "auth.user", "pk": 1, "fields": {"password": "pbkdf2_sha256$870000$NYljwP0NoNDVEuLikvoyTc$Ls5M/ULGmXKQX6bAf9SCy+maXD5Asj8Iogipj4MFVsE=", "last_login": "2025-03-26T15:19:00.631Z", "is_superuser": true, "username": "trilokavellimon", "first_name": "", "last_name": "", "email": "trilokavellimon1@gmail.com", "is_staff": true, "is_active": true, "date_joined": "2025-02-13T10:46:19Z", "groups": [], "user_permissions": [1, 2, 3, 4, 45, 46, 47, 48, 9, 10, 11, 12, 5, 6, 7, 8, 13, 14, 15, 16, 17, 18, 19, 20, 29, 30, 31, 32, 25, 26, 27, 28, 21, 22, 23, 24, 37, 38, 39, 40, 41, 42, 43, 44, 33, 34, 35, 36]}}, {"model": "auth.user", "pk": 2, "fields": {"password": "pbkdf2_sha256$870000$wKCC0HL9Z0I3d2MBD9TZAg$9yDA1UBsTw3RpfNHW4wh3H94gFwGUFlMImykcRAQMUw=", "last_login": "2025-02-14T09:35:17.003Z", "is_superuser": false, "username": "Amitha", "first_name": "Amitha", "last_name": "S", "email": "amithasuresh.e@gmail.com", "is_staff": false, "is_active": true, "date_joined": "2025-02-13T11:23:53Z", "groups": [], "user_permissions": []}}, {"model": "auth.user", "pk": 3, "fields": {"password": "pbkdf2_sha256$870000$rRwArYAMTRMgMvpBSlWevz$rDtork0FwnrgytfcaKMbnpnXJCEWqfbUR3SBD+lVWNU=", "last_login": "2025-03-26T08:25:01.802Z", "is_superuser": true, "username": "Abhay123", "first_name": "Abhay Krishnan", "last_name": "U S", "email": "abhaykrishnan0@gmail.com", "is_staff": true, "is_active": true, "date_joined": "2021-07-10T15:23:01Z", "groups": [], "user_permissions": []}}, {"model": "auth.user", "pk": 4, "fields": {"password": "pbkdf2_sha256$870000$NtW0piqMxDexvLSPY2g3B3$lqhS8JuCHhVAeBbqMrXvnf/9Ho40Uja0RZUA3sXh+Nw=", "last_login": "2025-03-26T07:09:29.817Z", "is_superuser": false, "username": "Gopika123", "first_name": "", "last_name": "", "email": "gopika@gmail.com", "is_staff": false, "is_active": true, "date_joined": "2025-03-25T10:25:42.290Z", "groups": [], "user_permissions": []}}, {"model": "auth.user", "pk": 5, "fields": {"password": "pbkdf2_sha256$870000$BtvjgwIEbUoqsbanyGeoPw$gx6RuKAN+VWrekzufBiomB1DUsm6z2R25uFmE9p4ZX4=", "last_login": "2025-03-25T18:34:22.605Z", "is_superuser": false, "username": "Amal123", "first_name": "", "last_name": "", "email": "amithasuresh.e@gmail.com", "is_staff": false, "is_active": true, "date_joined": "2025-03-25T10:38:21.784Z", "groups": [], "user_permissions": []}}, {"model": "auth.user", "pk": 6, "fields": {"password": "pbkdf2_sha256$870000$ugzxTud5S5d9CzpQqwz3me$cAiZ/tQILIGyCQGTiYTcpoCqn3u6uXvNLY+c5WDMLNU=", "last_login": null, "is_superuser": false, "username": "Abhay@TV7561", "first_name": "", "last_name": "", "email": "abhaykrishnan0@gmail.com", "is_staff": false, "is_active": true, "date_joined": "2025-03-25T14:18:57.006Z", "groups": [], "user_permissions": []}}, {"model": "auth.user", "pk": 7, "fields": {"password": "pbkdf2_sha256$870000$6C0AXbGfzXvvPTPK7pYLjW$DN4Lba+oDoX5IlwfoNVEOfPrdDbbP4FQOE55f+mG7i4=", "last_login": "2025-03-26T07:21:40.918Z", "is_superuser": false, "username": "Vinu@TV0011", "first_name": "", "last_name": "", "email": "vinu@gmail.com", "is_staff": false, "is_active": true, "date_joined": "2025-03-25T14:44:50.180Z", "groups": [], "user_permissions": []}}, {"model": "auth.user", "pk": 8, "fields": {"password": "pbkdf2_sha256$870000$lsM1QvBuhogVRxFZsquzjC$smNxBHNkXWt5/9NUcPD2pV+msw+eUdOMAeL/Y4Hd0VQ=", "last_login": "2025-03-26T07:14:49.569Z", "is_superuser": false, "username": "Aswani@TV2234", "first_name": "", "last_name": "", "email": "aswanikrishnan0@gmail.com", "is_staff": false, "is_active": true, "date_joined": "2025-03-25T17:54:42.774Z", "groups": [], "user_permissions": []}}, {"model": "auth.user", "pk": 9, "fields": {"password": "pbkdf2_sha256$870000$hSjsA21S3WNHwgi42EGTfl$lONYnDe1dpQHQIbBMm8H5syE2n7RpI76EjbUGlxXq74=", "last_login": "2025-03-26T07:12:08.851Z", "is_superuser": false, "username": "Sagar@TV1563", "first_name": "", "last_name": "", "email": "sagars2707@gmail.com", "is_staff": false, "is_active": true, "date_joined": "2025-03-25T18:38:59.510Z", "groups": [], "user_permissions": []}}, {"model": "auth.user", "pk": 10, "fields": {"password": "pbkdf2_sha256$870000$URII3ewpfN6puAhL8IWAyR$OJN+tYBLd+/nIasfVqiNjQV4XqM+RmpXKMNHVObmNzU=", "last_login": "2025-03-26T10:43:39.969Z", "is_superuser": false, "username": "Gouri@TV1643", "first_name": "", "last_name": "", "email": "devikagouri562004@gmail.com", "is_staff": false, "is_active": true, "date_joined": "2025-03-26T08:59:59.234Z", "groups": [], "user_permissions": []}}, {"model": "auth.user", "pk": 11, "fields": {"password": "pbkdf2_sha256$870000$PfdcZFagdnmI9dk54G5dRQ$FTuFSQ7tjBxVahqv9mCcViDZxiADsRMFsXP+VLn5gNs=", "last_login": null, "is_superuser": false, "username": "Malu@123", "first_name": "", "last_name": "", "email": "amithasuresh.e@gmail.com", "is_staff": false, "is_active": true, "date_joined": "2025-03-26T10:16:11.387Z", "groups": [], "user_permissions": []}}, {"model": "auth.user", "pk": 12, "fields": {"password": "pbkdf2_sha256$870000$EplPnT9k0ARolIjBAOig1E$wDUBbodh16hRwR4+slv7cGxB4ms6golxXREj06OPPX0=", "last_login": null, "is_superuser": false, "username": "Abhi@TV123", "first_name": "", "last_name": "", "email": "abhi@gmail.com", "is_staff": false, "is_active": true, "date_joined": "2025-03-26T10:20:04.080Z", "groups": [], "user_permissions": []}}, {"model": "auth.user", "pk": 13, "fields": {"password": "pbkdf2_sha256$870000$BxaVLjn3LjuyyMBgH6WFYq$+GAqlU6R2TJqGpzSBAv5IG551IrO1scRwsSjyHoeabc=", "last_login": null, "is_superuser": false, "username": "Anu@TV9999", "first_name": "", "last_name": "", "email": "anu.e@gmail.com", "is_staff": false, "is_active": true, "date_joined": "2025-03-26T10:27:42.833Z", "groups": [], "user_permissions": []}}, {"model": "auth.user", "pk": 14, "fields": {"password": "pbkdf2_sha256$870000$ZHsRVjnyACRQ2E7PC82JTA$FoGJQcrEwYiK6YEzWsb8s8MxRhayHMdABlHo18+wDgc=", "last_login": null, "is_superuser": false, "username": "Sonu@TV123", "first_name": "", "last_name": "", "email": "sonu@gmail.com", "is_staff": false, "is_active": true, "date_joined": "2025-03-26T10:35:08.692Z", "groups": [], "user_permissions": []}}, {"model": "contenttypes.contenttype", "pk": 1, "fields": {"app_label": "admin", "model": "logentry"}}, {"model": "contenttypes.contenttype", "pk": 2, "fields": {"app_label": "auth", "model": "permission"}}, {"model": "contenttypes.contenttype", "pk": 3, "fields": {"app_label": "auth", "model": "group"}}, {"model": "contenttypes.contenttype", "pk": 4, "fields": {"app_label": "auth", "model": "user"}}, {"model": "contenttypes.contenttype", "pk": 5, "fields": {"app_label": "contenttypes", "model": "contenttype"}}, {"model": "contenttypes.contenttype", "pk": 6, "fields": {"app_label": "sessions", "model": "session"}}, {"model": "contenttypes.contenttype", "pk": 7, "fields": {"app_label": "gallery", "model": "gallery"}}, {"model": "contenttypes.contenttype", "pk": 8, "fields": {"app_label": "events", "model": "event"}}, {"model": "contenttypes.contenttype", "pk": 9, "fields": {"app_label": "users", "model": "userprofile"}}, {"model": "contenttypes.contenttype", "pk": 10, "fields": {"app_label": "triloka", "model": "event"}}, {"model": "contenttypes.contenttype", "pk": 11, "fields": {"app_label": "triloka", "model": "gallery"}}, {"model": "contenttypes.contenttype", "pk": 12, "fields": {"app_label": "admin_interface", "model": "theme"}}, {"model": "contenttypes.contenttype", "pk": 13, "fields": {"app_label": "triloka", "model": "userprofile"}}, {"model": "contenttypes.contenttype", "pk": 14, "fields": {"app_label": "triloka", "model": "userfee"}}, {"model": "contenttypes.contenttype", "pk": 15, "fields": {"app_label": "triloka", "model": "userpoint"}}, {"model": "sessions.session", "pk": "ez8p7mkc87x9ralmu9cpu40fq7dmzvfq", "fields": {"session_data": "e30:1tis1m:ycxk7OmLBRscjYzTpgXKrt_VGeRWRmlvvVv41-fbZZo", "expire_date": "2025-02-28T09:30:30.422Z"}}, {"model": "sessions.session", "pk": "xi68w5lrscw08mi7c94tr8up8d9x5a2z", "fields": {"session_data": ".eJxVjDsOwjAQBe_iGlnxlw0lfc5grb1eHEC2FCcV4u4QKQW0b2beSwTc1hK2npcwk7gIJU6_W8T0yHUHdMd6azK1ui5zlLsiD9rl1Cg_r4f7d1Cwl2-t7Qg2sxkUsDfWgUdjNAFwZLYDgbGJHIA_ewCl1cjsEgGhomiVjuL9Ab_tN14:1txSWy:TVZX-7wCQC99gnKfpfVrHd1yM8IUvMGY7mHSC04n96M", "expire_date": "2025-04-09T15:19:00.645Z"}}, {"model": "triloka.userprofile", "pk": 1, "fields": {"user": 5, "registration_number": "USER-5", "dob": "2000-01-01", "gaurdian_name": "Unknown", "relation": "Unknown", "idproof": "None", "phone_number": "9000000005", "address": "Unknown", "gender": "Other", "age": 18, "photo": "image/upload/v1742899105/m5c2gqgni00lmugy4hfg.jpg", "blood_group": "O+", "name": "Amal123", "willing_to_donate_blood": null}}, {"model": "triloka.userprofile", "pk": 2, "fields": {"user": 8, "registration_number": "USER-8", "dob": "2000-01-01", "gaurdian_name": "Unknown", "relation": "Unknown", "idproof": "None", "phone_number": "9000000008", "address": "Unknown", "gender": "Other", "age": 18, "photo": "image/upload/v1742925287/rz1bq15lfqkoaprdsrkq.jpg", "blood_group": "O+", "name": "Aswani@TV2234", "willing_to_donate_blood": false}}, {"model": "triloka.userprofile", "pk": 3, "fields": {"user": 9, "registration_number": "USER-9", "dob": "2000-01-01", "gaurdian_name": "Unknown", "relation": "Unknown", "idproof": "None", "phone_number": "9000000009", "address": "Unknown", "gender": "Other", "age": 18, "photo": "image/upload/v1742927946/vkvbzrpte6g7mxqopws1.jpg", "blood_group": "O+", "name": "Sagar@TV1563", "willing_to_donate_blood": true}}, {"model": "triloka.userprofile", "pk": 4, "fields": {"user": 1, "registration_number": "USER-1", "dob": "2000-01-01", "gaurdian_name": "Unknown", "relation": "Unknown", "idproof": "None", "phone_number": "9000000001", "address": "Unknown", "gender": "Other", "age": 18, "photo": "", "blood_group": "O+", "name": "trilokavellimon", "willing_to_donate_blood": null}}, {"model": "triloka.userprofile", "pk": 5, "fields": {"user": 2, "registration_number": "USER-2", "dob": "2000-01-01", "gaurdian_name": "Unknown", "relation": "Unknown", "idproof": "None", "phone_number": "9000000002", "address": "Unknown", "gender": "Other", "age": 18, "photo": "", "blood_group": "O+", "name": "Amitha", "willing_to_donate_blood": null}}, {"model": "triloka.userprofile", "pk": 6, "fields": {"user": 3, "registration_number": "USER-3", "dob": "2000-01-01", "gaurdian_name": "Unknown", "relation": "Unknown", "idproof": "None", "phone_number": "9000000003", "address": "Unknown", "gender": "Other", "age": 18, "photo": "", "blood_group": "O+", "name": "Abhay123", "willing_to_donate_blood": null}}, {"model": "triloka.userprofile", "pk": 7, "fields": {"user": 4, "registration_number": "USER-4", "dob": "2000-01-01", "gaurdian_name": "Unknown", "relation": "Unknown", "idproof": "None", "phone_number": "9000000004", "address": "Unknown", "gender": "Other", "age": 18, "photo": "", "blood_group": "O+", "name": "Gopika123", "willing_to_donate_blood": null}}, {"model": "triloka.userprofile", "pk": 8, "fields": {"user": 6, "registration_number": "USER-6", "dob": "2000-01-01", "gaurdian_name": "Unknown", "relation": "Unknown", "idproof": "None", "phone_number": "9000000006", "address": "Unknown", "gender": "Other", "age": 18, "photo": "", "blood_group": "O+", "name": "Abhay@TV7561", "willing_to_donate_blood": null}}, {"model": "triloka.userprofile", "pk": 9, "fields": {"user": 7, "registration_number": "USER-7", "dob": "2000-01-01", "gaurdian_name": "Unknown", "relation": "Unknown", "idproof": "None", "phone_number": "9000000007", "address": "Unknown", "gender": "Other", "age": 18, "photo": "", "blood_group": "O+", "name": "Vinu@TV0011", "willing_to_donate_blood": null}}, {"model": "triloka.userprofile", "pk": 10, "fields": {"user": 10, "registration_number": "TV036", "dob": "1971-03-02", "gaurdian_name": "Suseela D", "relation": "Mother", "idproof": "644067435864", "phone_number": "9496752071", "address": "Pallicavilaveedu, Cherumoodu, Vellimon P.O., Kollam 691511", "gender": "Female", "age": 54, "photo": "image/upload/v1742979604/lid5j79mgkz9epuisq2k.jpg", "blood_group": "A+", "name": "Gouri S", "willing_to_donate_blood": true}}, {"model": "triloka.userprofile", "pk": 11, "fields": {"user": 11, "registration_number": "TV032", "dob": "2024-01-31", "gaurdian_name": "Malu", "relation": "Son/Daughter", "idproof": "895055499560", "phone_number": "09633887209", "address": "Pallimukku", "gender": "Female", "age": 1, "photo": "image/upload/v1742984175/mwu2uwih93mp3fmffgmw.jpg", "blood_group": "A+", "name": "Ammu", "willing_to_donate_blood": false}}, {"model": "triloka.userprofile", "pk": 12, "fields": {"user": 13, "registration_number": "TV1001", "dob": "2023-08-01", "gaurdian_name": "Anu", "relation": "Son/Daughter", "idproof": "243594021299", "phone_number": "9977665533", "address": "Pallimukku", "gender": "Female", "age": 1, "photo": "image/upload/v1742984866/cw57serzfvet2u2muybw.jpg", "blood_group": "A+", "name": "Kumar", "willing_to_donate_blood": null}}, {"model": "triloka.userprofile", "pk": 13, "fields": {"user": 14, "registration_number": "TV1002", "dob": "2023-04-05", "gaurdian_name": "Sonu", "relation": "Son/Daughter", "idproof": "243594021266", "phone_number": "9634387209", "address": "Pallimukku", "gender": "Female", "age": 1, "photo": "image/upload/v1742985312/y45v2za7grwhodffl3xf.jpg", "blood_group": "A+", "name": "Kumar", "willing_to_donate_blood": null}}, {"model": "triloka.userfee", "pk": 1, "fields": {"user": 5, "month": "January", "year": 2025, "amount": "10.00"}}, {"model": "triloka.userfee", "pk": 2, "fields": {"user": 5, "month": "February", "year": 2025, "amount": "10.00"}}, {"model": "triloka.userfee", "pk": 3, "fields": {"user": 5, "month": "March", "year": 2025, "amount": "10.00"}}, {"model": "triloka.userfee", "pk": 4, "fields": {"user": 8, "month": "January", "year": 2025, "amount": "10.00"}}, {"model": "triloka.userfee", "pk": 5, "fields": {"user": 8, "month": "February", "year": 2025, "amount": "9.99"}}, {"model": "triloka.userfee", "pk": 6, "fields": {"user": 8, "month": "March", "year": 2025, "amount": "10.00"}}, {"model": "triloka.userfee", "pk": 7, "fields": {"user": 9, "month": "January", "year": 2025, "amount": "10.00"}}, {"model": "triloka.userpoint", "pk": 1, "fields": {"user": 10, "category": "Achievement", "points": "0.03"}}, {"model": "triloka.userpoint", "pk": 2, "fields": {"user": 10, "category": "Participation", "points": "0.02"}}, {"model": "triloka.gallery", "pk": 5, "fields": {"title": "Abc", "image": "image/upload/v1742886201/p28bvwu6xarksnjwj3j2.jpg", "date": "2025-03-25"}}, {"model": "triloka.gallery", "pk": 6, "fields": {"title": "Medical", "image": "image/upload/v1742886577/yqkanukvfgwvs81a14b3.jpg", "date": "2025-03-25"}}, {"model": "triloka.gallery", "pk": 7, "fields": {"title": "Medical2", "image": "image/upload/v1742886603/n3otchclg2ysbsrz6isj.jpg", "date": "2025-03-25"}}, {"model": "triloka.gallery", "pk": 8, "fields": {"title": "Pothichooru", "image": "image/upload/v1742886621/nrqlpakidxmbhnug2zif.jpg", "date": "2025-03-25"}}, {"model": "triloka.gallery", "pk": 9, "fields": {"title": "Games", "image": "image/upload/v1742886642/iyr26fjafrsoa1qdumub.jpg", "date": "2025-03-25"}}, {"model": "triloka.gallery", "pk": 10, "fields": {"title": "drawing", "image": "image/upload/v1742886656/aojhyccz9ly6d1nngyrc.jpg", "date": "2025-03-25"}}, {"model": "triloka.gallery", "pk": 11, "fields": {"title": "game", "image": "image/upload/v1742886666/suaywv0chojvueialfze.jpg", "date": "2025-03-25"}}, {"model": "triloka.gallery", "pk": 12, "fields": {"title": "New", "image": "image/upload/v1742888115/nlo36wqkxolurshrgr8x.jpg", "date": "2023-07-13"}}, {"model": "triloka.gallery", "pk": 13, "fields": {"title": "Abc", "image": "image/upload/v1742999809/hioy3vrqjh8a0nw7tgpi.jpg", "date": "2022-07-06"}}, {"model": "triloka.event", "pk": 1, "fields": {"title": "Drawing Competition", "description": "A drwaing competition is to be held on vellimon junction on April 20th,2025", "image": "image/upload/events/f2142368.bmp", "date": "2025-03-23", "end_date": "2024-12-31"}}, {"model": "triloka.event", "pk": 2, "fields": {"title": "Drawing2", "description": "dcdcdcdgscnf", "image": "image/upload/events/f2146464.bmp", "date": "2025-04-11", "end_date": "2024-12-31"}}, {"model": "triloka.event", "pk": 5, "fields": {"title": "Abc", "description": "chjgdchsc", "image": "image/upload/v1742838859/t21vz4i170mnzzhzouxl.jpg", "date": "2025-03-28", "end_date": "2024-12-31"}}, {"model": "triloka.event", "pk": 6, "fields": {"title": "Pothichooru", "description": "dsdsfsf", "image": "image/upload/v1742909496/t6urten8alc0nhsgshik.jpg", "date": "2025-03-25", "end_date": "2025-03-29"}}]